{
 "alpha": 10.058389663696289,
 "beta": 2.528413772583008,
 "num_iter": 100,
 "eta": 0.9
}